{"nodes":null,"selection":null,"view":{"scroll":{"x":217.491317749023438,"y":-226.386978149414063},"visible_rect":{"max":{"x":1745.8818359375,"y":874.86846923828125},"min":{"x":306.594085693359375,"y":-319.1341552734375}},"zoom":0.709378659725189209}}