{"nodes":{"node:1":{"location":{"x":212,"y":-212}},"node:10":{"location":{"x":-140,"y":220}},"node:13":{"location":{"x":-140,"y":-212}},"node:16":{"location":{"x":-140,"y":330}},"node:19":{"location":{"x":-140,"y":-86}},"node:22":{"location":{"x":212,"y":-68}},"node:4":{"location":{"x":-140,"y":12}},"node:7":{"location":{"x":-140,"y":108}}},"selection":null,"view":{"scroll":{"x":-170.204620361328125,"y":-373.0780029296875},"visible_rect":{"max":{"x":554.394287109375,"y":631.89654541015625},"min":{"x":-226.939682006835938,"y":-497.437744140625}},"zoom":0.749999403953552246}}