{"nodes":{"node:1":{"location":{"x":292,"y":-100}},"node:10":{"location":{"x":548,"y":-196}},"node:4":{"location":{"x":276,"y":-404}},"node:7":{"location":{"x":-44,"y":-100}}},"selection":["node:10"],"view":{"scroll":{"x":-262.2042236328125,"y":-574.077880859375},"visible_rect":{"max":{"x":1133.06103515625,"y":363.89617919921875},"min":{"x":-349.60565185546875,"y":-765.43719482421875}},"zoom":0.75}}