{"nodes":{"node:1":{"location":{"x":-124,"y":-406}},"node:10":{"location":{"x":276,"y":-422}},"node:13":{"location":{"x":276,"y":90}},"node:16":{"location":{"x":276,"y":-276}},"node:4":{"location":{"x":276,"y":-164}},"node:7":{"location":{"x":276,"y":-38}}},"selection":null,"view":{"scroll":{"x":-262.2042236328125,"y":-574.077880859375},"visible_rect":{"max":{"x":1133.06103515625,"y":363.89617919921875},"min":{"x":-349.60565185546875,"y":-765.43719482421875}},"zoom":0.75}}