{"nodes":{"node:1":{"location":{"x":212,"y":-212}},"node:10":{"location":{"x":-140,"y":220}},"node:13":{"location":{"x":-140,"y":-212}},"node:16":{"location":{"x":-140,"y":330}},"node:19":{"location":{"x":-140,"y":-86}},"node:22":{"location":{"x":212,"y":-68}},"node:4":{"location":{"x":-140,"y":12}},"node:7":{"location":{"x":-140,"y":108}}},"selection":null,"view":{"scroll":{"x":-188.977767944335938,"y":-224.233306884765625},"visible_rect":{"max":{"x":596.24066162109375,"y":792.59033203125},"min":{"x":-283.8033447265625,"y":-336.74945068359375}},"zoom":0.665875792503356934}}