{"nodes":{"node:1":{"location":{"x":0,"y":0}},"node:4":{"location":{"x":-100,"y":100}},"node:7":{"location":{"x":100,"y":100}}},"selection":["node:1"],"view":{"scroll":{"x":-359.320526123046875,"y":-324.51885986328125},"visible_rect":{"max":{"x":609.679443359375,"y":522.48114013671875},"min":{"x":-359.320526123046875,"y":-324.51885986328125}},"zoom":1}}