{"nodes":{"node:1":{"location":{"x":1028,"y":329}},"node:4":{"location":{"x":1204,"y":458}},"node:6":{"location":{"x":868,"y":538}},"node:8":{"group_size":{"x":384,"y":154},"location":{"x":112,"y":576}},"node:9":{"group_size":{"x":640,"y":400},"location":{"x":800,"y":224}}},"selection":null,"view":{"scroll":{"x":-36.213409423828125,"y":-109.233207702636719},"visible_rect":{"max":{"x":2399.5732421875,"y":975.5335693359375},"min":{"x":-72.42681884765625,"y":-218.466415405273438}},"zoom":0.5}}